StateFIPS,Year,Poverty_Rate,Population
1,2000,14.6,4363829
2,2000,8.5,616965
4,2000,12.5,5174096
5,2000,15.0,2633067
6,2000,12.7,33896921
8,2000,8.9,4323933
9,2000,7.3,3334630
10,2000,8.7,774414
11,2000,16.3,560951
12,2000,11.7,16046145
13,2000,12.3,8181537
15,2000,9.9,1195525
16,2000,11.2,1295027
17,2000,10.0,12278860
18,2000,8.8,6015034
19,2000,8.3,2863663
20,2000,8.9,2641427
21,2000,13.9,3959223
22,2000,17.3,4354069
23,2000,9.9,1259869
24,2000,7.9,5265886
25,2000,8.4,6302583
26,2000,9.7,9808608
27,2000,6.9,4878174
28,2000,17.6,2782812
29,2000,10.6,5483085
30,2000,13.3,884789
31,2000,8.9,1672146
32,2000,9.4,2072202
33,2000,5.6,1247446
34,2000,7.8,8303769
35,2000,17.3,1786723
36,2000,13.2,18687152
37,2000,11.7,7986103
38,2000,10.4,623163
39,2000,9.8,11105929
40,2000,13.8,3384645
41,2000,10.6,3408302
42,2000,9.5,11957137
44,2000,10.2,1042922
45,2000,12.8,3945008
46,2000,11.4,739316
47,2000,12.6,5631389
48,2000,14.6,20829555
49,2000,8.8,2254932
50,2000,8.8,604955
51,2000,8.9,6976831
53,2000,9.6,5912240
54,2000,15.5,1767652
55,2000,8.1,5316753
56,2000,10.4,484202
1,2001,15.7,4363510
2,2001,8.7,624793
4,2001,13.2,5326841
5,2001,15.9,2635522
6,2001,12.9,34248372
8,2001,8.7,4387563
9,2001,7.1,3376352
10,2001,8.4,791012
11,2001,17.5,557623
12,2001,12.6,16254619
13,2001,12.7,8334748
15,2001,10.4,1210481
16,2001,11.5,1318383
17,2001,10.1,12354812
18,2001,9.0,6041578
19,2001,8.2,2879451
20,2001,9.5,2654042
21,2001,14.7,3981646
22,2001,18.3,4354481
23,2001,10.2,1270627
24,2001,7.7,5307377
25,2001,8.2,6315841
26,2001,9.8,9834051
27,2001,7.2,4924764
28,2001,19.0,2790811
29,2001,11.0,5507482
30,2001,14.0,891257
31,2001,9.3,1683914
32,2001,9.3,2122430
33,2001,6.0,1248817
34,2001,7.8,8445564
35,2001,18.0,1814739
36,2001,13.7,18711241
37,2001,11.9,8106395
38,2001,11.4,618316
39,2001,10.3,11112990
40,2001,14.4,3386326
41,2001,11.1,3447802
42,2001,10.0,12059420
44,2001,10.2,1050088
45,2001,13.8,3991123
46,2001,11.7,737658
47,2001,13.2,5671591
48,2001,15.0,21209360
49,2001,9.4,2283777
50,2001,8.9,605213
51,2001,8.8,7048227
53,2001,9.9,5923798
54,2001,16.7,1770976
55,2001,8.1,5304605
56,2001,10.5,487629
1,2002,15.4,4414649
2,2002,9.3,633677
4,2002,13.6,5486360
5,2002,16.3,2674761
6,2002,13.3,34937301
8,2002,9.5,4492863
9,2002,7.8,3427654
10,2002,9.3,801355
11,2002,17.2,553366
12,2002,12.8,16698711
13,2002,13.0,8516992
15,2002,11.0,1224391
16,2002,11.7,1337769
17,2002,11.3,12494416
18,2002,9.6,6096323
19,2002,9.1,2879264
20,2002,10.0,2656730
21,2002,14.8,4028750
22,2002,18.1,4404724
23,2002,11.0,1280927
24,2002,8.3,5366627
25,2002,9.0,6321800
26,2002,10.9,9917394
27,2002,7.5,4948120
28,2002,18.9,2812492
29,2002,11.3,5580681
30,2002,14.0,901100
31,2002,10.0,1699220
32,2002,10.1,2216228
33,2002,6.3,1261381
34,2002,8.3,8527807
35,2002,17.7,1849966
36,2002,13.9,18785281
37,2002,12.9,8204829
38,2002,11.1,618243
39,2002,10.2,11254412
40,2002,14.5,3439207
41,2002,11.3,3505814
42,2002,10.0,12105080
44,2002,11.0,1055800
45,2002,14.0,4054714
46,2002,12.4,744685
47,2002,13.6,5732721
48,2002,15.4,21696409
49,2002,9.7,2316649
50,2002,9.3,612828
51,2002,9.6,7209656
53,2002,10.3,6048728
54,2002,16.1,1781602
55,2002,8.5,5362894
56,2002,10.6,490991
1,2003,15.3,4427810
2,2003,9.8,644143
4,2003,13.9,5633129
5,2003,16.0,2701500
6,2003,13.7,35300044
8,2003,10.0,4516580
9,2003,8.0,3413138
10,2003,9.0,815722
11,2003,17.5,540343
12,2003,13.0,17071208
13,2003,13.4,8623463
15,2003,10.8,1234861
16,2003,11.7,1367684
17,2003,11.4,12517351
18,2003,10.0,6096450
19,2003,9.1,2899088
20,2003,10.4,2674644
21,2003,15.0,4043420
22,2003,18.1,4400961
23,2003,10.7,1290907
24,2003,8.8,5465886
25,2003,9.5,6315368
26,2003,11.0,9897300
27,2003,8.0,5000775
28,2003,18.3,2831902
29,2003,11.6,5633483
30,2003,14.2,909218
31,2003,9.9,1717596
32,2003,11.0,2288582
33,2003,6.4,1277797
34,2003,8.9,8522011
35,2003,17.7,1868695
36,2003,14.3,18884133
37,2003,13.4,8344881
38,2003,10.5,619648
39,2003,10.7,11186383
40,2003,14.7,3426544
41,2003,12.0,3527108
42,2003,10.6,12069887
44,2003,11.3,1057372
45,2003,13.8,4107022
46,2003,12.3,752740
47,2003,13.5,5799133
48,2003,16.2,21994827
49,2003,10.0,2353850
50,2003,9.2,609522
51,2003,10.0,7243220
53,2003,11.0,6102009
54,2003,16.3,1780497
55,2003,8.9,5424910
56,2003,10.8,493324
1,2004,16.1,4456416
2,2004,10.0,646600
4,2004,14.6,5846486
5,2004,15.6,2721641
6,2004,13.2,35467008
8,2004,10.2,4576510
9,2004,9.1,3457352
10,2004,9.6,831708
11,2004,18.3,537208
12,2004,11.9,17436950
13,2004,13.7,8888219
15,2004,9.0,1249300
16,2004,11.5,1398157
17,2004,11.9,12488361
18,2004,11.1,6156495
19,2004,10.5,2900933
20,2004,11.1,2682279
21,2004,16.3,4099638
22,2004,19.2,4422812
23,2004,11.5,1293930
24,2004,9.2,5502880
25,2004,9.9,6288697
26,2004,12.5,9934264
27,2004,8.1,5046840
28,2004,19.3,2845720
29,2004,13.0,5658785
30,2004,13.6,919713
31,2004,10.0,1721620
32,2004,11.1,2384441
33,2004,6.6,1289288
34,2004,8.4,8538548
35,2004,16.7,1892743
36,2004,14.5,18907062
37,2004,13.8,8507022
38,2004,10.8,626157
39,2004,11.7,11228051
40,2004,14.0,3461571
41,2004,12.9,3583039
42,2004,11.2,12158250
44,2004,11.6,1056207
45,2004,15.0,4147220
46,2004,12.9,757000
47,2004,15.0,5845087
48,2004,16.2,22284728
49,2004,10.3,2437786
50,2004,8.7,612701
51,2004,9.5,7421442
53,2004,11.6,6166129
54,2004,16.2,1782932
55,2004,10.9,5416193
56,2004,10.3,498068
1,2005,16.9,4435456
2,2005,10.8,639750
4,2005,14.4,5810708
5,2005,17.2,2684640
6,2005,13.3,35105684
8,2005,10.9,4566633
9,2005,8.3,3402157
10,2005,10.3,818359
11,2005,18.3,512563
12,2005,12.8,17350227
13,2005,14.5,8768338
15,2005,9.9,1229859
16,2005,13.4,1391448
17,2005,12.0,12374933
18,2005,12.2,6037967
19,2005,10.8,2858454
20,2005,11.7,2655265
21,2005,16.9,4048154
22,2005,20.2,4369510
23,2005,12.3,1277886
24,2005,8.3,5468072
25,2005,10.3,6143155
26,2005,13.1,9865000
27,2005,9.2,4952826
28,2005,21.0,2816900
29,2005,13.6,5593816
30,2005,14.6,905658
31,2005,11.0,1694873
32,2005,11.1,2374072
33,2005,7.6,1268276
34,2005,8.7,8483954
35,2005,18.4,1876255
36,2005,13.9,18593417
37,2005,14.9,8371087
38,2005,11.6,608517
39,2005,13.0,11095546
40,2005,16.4,3426988
41,2005,14.1,3527078
42,2005,11.9,11906588
44,2005,11.9,1029252
45,2005,15.6,4112083
46,2005,13.6,740853
47,2005,15.6,5795788
48,2005,17.5,22209326
49,2005,10.5,2426295
50,2005,10.4,603346
51,2005,10.0,7288580
53,2005,12.0,6100408
54,2005,18.0,1766428
55,2005,10.2,5369098
56,2005,10.6,493160
1,2006,16.6,4479253
2,2006,10.9,652477
4,2006,14.2,6058838
5,2006,17.3,2723474
6,2006,13.1,35776382
8,2006,11.6,4649414
9,2006,8.3,3386494
10,2006,10.7,829430
11,2006,18.1,550669
12,2006,12.6,17718524
13,2006,14.8,9055777
15,2006,9.4,1253309
16,2006,12.8,1429164
17,2006,12.3,12488886
18,2006,12.5,6149136
19,2006,11.0,2872482
20,2006,12.2,2681172
21,2006,17.0,4087447
22,2006,19.4,4166593
23,2006,12.7,1285772
24,2006,8.0,5462225
25,2006,10.0,6237750
26,2006,13.5,9843615
27,2006,9.7,5021072
28,2006,20.9,2814775
29,2006,13.8,5674645
30,2006,14.4,920396
31,2006,11.3,1722080
32,2006,10.5,2455505
33,2006,8.0,1273400
34,2006,8.7,8514034
35,2006,18.3,1913224
36,2006,14.2,18808261
37,2006,14.6,8607014
38,2006,11.7,607342
39,2006,13.2,11180212
40,2006,16.7,3453228
41,2006,13.4,3637000
42,2006,12.0,12023817
44,2006,11.5,1022478
45,2006,15.7,4187293
46,2006,13.6,754331
47,2006,16.1,5882640
48,2006,16.9,22856456
49,2006,10.7,2519729
50,2006,10.2,604843
51,2006,9.6,7428969
53,2006,11.8,6244975
54,2006,17.6,1766148
55,2006,10.9,5407128
56,2006,10.3,502214
1,2007,16.6,4519259
2,2007,9.8,665980
4,2007,14.1,6213617
5,2007,17.6,2747216
6,2007,12.4,35849935
8,2007,11.5,4769739
9,2007,7.9,3405633
10,2007,10.3,841291
11,2007,17.1,558135
12,2007,12.1,17910008
13,2007,14.3,9294832
15,2007,8.5,1249788
16,2007,12.1,1469669
17,2007,11.9,12572706
18,2007,12.3,6140203
19,2007,11.0,2875482
20,2007,11.2,2694875
21,2007,17.2,4110157
22,2007,18.8,4169798
23,2007,12.2,1276754
24,2007,8.3,5489169
25,2007,10.0,6215610
26,2007,13.9,9858180
27,2007,9.5,5066632
28,2007,20.7,2818164
29,2007,13.3,5705594
30,2007,14.1,932149
31,2007,11.1,1715883
32,2007,10.6,2526689
33,2007,7.3,1274041
34,2007,8.5,8537918
35,2007,17.9,1922123
36,2007,13.8,18730116
37,2007,14.3,8789280
38,2007,11.8,612220
39,2007,13.1,11134542
40,2007,15.8,3499462
41,2007,13.0,3666515
42,2007,11.6,12007517
44,2007,11.9,1018252
45,2007,15.1,4278550
46,2007,13.2,768333
47,2007,15.8,5982677
48,2007,16.3,23233564
49,2007,9.8,2595765
50,2007,10.1,600089
51,2007,9.9,7466010
53,2007,11.4,6338500
54,2007,17.1,1767070
55,2007,10.8,5455259
56,2007,9.5,506832
1,2008,15.9,4540094
2,2008,9.2,672511
4,2008,14.7,6362224
5,2008,17.3,2769595
6,2008,13.3,35948880
8,2008,11.2,4828973
9,2008,9.1,3389879
10,2008,10.3,854146
11,2008,16.9,563503
12,2008,13.3,17858835
13,2008,14.7,9448701
15,2008,9.3,1253957
16,2008,12.5,1488120
17,2008,12.2,12534713
18,2008,12.9,6198194
19,2008,11.4,2904009
20,2008,11.3,2723929
21,2008,17.3,4144225
22,2008,17.6,4290625
23,2008,12.6,1279127
24,2008,8.2,5473024
25,2008,10.1,6258990
26,2008,14.4,9741222
27,2008,9.6,5101188
28,2008,20.8,2838846
29,2008,13.5,5740274
30,2008,14.1,943057
31,2008,10.8,1726667
32,2008,11.2,2574411
33,2008,7.8,1281269
34,2008,8.7,8506540
35,2008,17.0,1940335
36,2008,13.7,18947562
37,2008,14.6,8917000
38,2008,11.5,614383
39,2008,13.3,11197850
40,2008,15.7,3530172
41,2008,13.5,3714630
42,2008,12.1,12018512
44,2008,12.1,1009694
45,2008,15.7,4332064
46,2008,12.7,773606
47,2008,15.5,6058426
48,2008,15.8,23771797
49,2008,9.7,2696454
50,2008,10.4,601010
51,2008,10.2,7518157
53,2008,11.3,6435009
54,2008,17.4,1770483
55,2008,10.5,5462610
56,2008,9.5,520684
1,2009,17.5,4601274
2,2009,9.1,680758
4,2009,16.5,6458958
5,2009,18.5,2805546
6,2009,14.2,36145352
8,2009,12.6,4910127
9,2009,9.3,3419441
10,2009,11.2,860795
11,2009,17.6,570960
12,2009,15.0,18084613
13,2009,16.6,9548892
15,2009,10.4,1268231
16,2009,14.4,1510611
17,2009,13.3,12566489
18,2009,14.4,6219576
19,2009,11.8,2900924
20,2009,13.2,2724939
21,2009,18.4,4194978
22,2009,17.6,4369324
23,2009,12.6,1281778
24,2009,9.2,5534141
25,2009,10.3,6393175
26,2009,16.1,9723969
27,2009,10.9,5120349
28,2009,21.8,2846083
29,2009,14.6,5824082
30,2009,15.0,948380
31,2009,12.2,1740262
32,2009,12.4,2610790
33,2009,8.6,1288012
34,2009,9.4,8492106
35,2009,18.2,1972692
36,2009,14.2,19071261
37,2009,16.2,9105327
38,2009,11.7,623171
39,2009,15.1,11253563
40,2009,16.1,3575845
41,2009,14.3,3753937
42,2009,12.5,12138776
44,2009,12.0,1019825
45,2009,17.1,4405181
46,2009,14.2,780725
47,2009,17.2,6137413
48,2009,17.1,24228520
49,2009,11.7,2747359
50,2009,11.5,601191
51,2009,10.6,7599575
53,2009,12.3,6530618
54,2009,17.8,1776152
55,2009,12.4,5507847
56,2009,10.2,529157
1,2010,18.9,4672370
2,2010,11.0,698636
4,2010,17.6,6278835
5,2010,18.7,2832674
6,2010,15.8,36614152
8,2010,13.2,4937455
9,2010,10.1,3454267
10,2010,11.9,877782
11,2010,18.8,570633
12,2010,16.5,18476491
13,2010,18.0,9433356
15,2010,11.1,1323631
16,2010,15.8,1544361
17,2010,13.8,12551659
18,2010,15.3,6277137
19,2010,12.5,2951720
20,2010,13.5,2775385
21,2010,18.9,4212741
22,2010,18.8,4422936
23,2010,13.1,1290656
24,2010,9.9,5655929
25,2010,11.4,6358289
26,2010,16.7,9665329
27,2010,11.5,5178130
28,2010,22.4,2875696
29,2010,15.3,5807000
30,2010,15.2,962217
31,2010,12.6,1781984
32,2010,14.8,2659493
33,2010,8.6,1280186
34,2010,10.2,8663167
35,2010,19.8,2024136
36,2010,15.0,18937093
37,2010,17.4,9302282
38,2010,12.5,649408
39,2010,15.8,11211418
40,2010,16.8,3649208
41,2010,15.8,3776259
42,2010,13.4,12276843
44,2010,14.1,1015121
45,2010,18.1,4496901
46,2010,14.6,786288
47,2010,17.8,6194624
48,2010,17.9,24643983
49,2010,13.3,2726985
50,2010,12.4,602581
51,2010,11.1,7799514
53,2010,13.5,6594452
54,2010,18.2,1799225
55,2010,13.2,5542152
56,2010,11.4,549439
1,2011,19.1,4691712
2,2011,10.8,703898
4,2011,19.0,6323032
5,2011,19.3,2850150
6,2011,16.6,36877867
8,2011,13.4,4994530
9,2011,10.8,3456333
10,2011,12.6,882349
11,2011,19.1,585895
12,2011,17.0,18695029
13,2011,19.2,9566224
15,2011,12.1,1335587
16,2011,16.5,1553073
17,2011,14.9,12560295
18,2011,15.8,6335778
19,2011,12.7,2962992
20,2011,13.8,2781587
21,2011,19.1,4239602
22,2011,20.5,4440322
23,2011,14.2,1293824
24,2011,10.2,5698471
25,2011,11.6,6383724
26,2011,17.5,9643566
27,2011,11.8,5230381
28,2011,22.8,2886982
29,2011,15.8,5836095
30,2011,15.2,974888
31,2011,12.9,1782969
32,2011,15.8,2678449
33,2011,9.0,1276733
34,2011,10.4,8633808
35,2011,20.9,2044689
36,2011,16.1,18903484
37,2011,17.8,9402399
38,2011,12.0,659367
39,2011,16.3,11264405
40,2011,17.3,3676780
41,2011,17.3,3787543
42,2011,13.7,12335788
44,2011,14.7,1007340
45,2011,18.8,4537229
46,2011,14.1,796156
47,2011,18.4,6240005
48,2011,18.5,25014076
49,2011,13.6,2774971
50,2011,11.9,599815
51,2011,11.6,7868784
53,2011,13.9,6702194
54,2011,18.7,1800310
55,2011,13.1,5558008
56,2011,11.3,555761
1,2012,19.0,4718500
2,2012,10.8,717537
4,2012,18.7,6395353
5,2012,19.6,2861878
6,2012,17.0,37196665
8,2012,13.6,5064081
9,2012,10.6,3495632
10,2012,12.7,892252
11,2012,18.8,599569
12,2012,17.2,18885326
13,2012,19.2,9648224
15,2012,11.8,1355831
16,2012,16.0,1563769
17,2012,14.7,12567150
18,2012,15.5,6354503
19,2012,12.7,2969370
20,2012,14.0,2800679
21,2012,19.3,4254233
22,2012,20.1,4479577
23,2012,14.4,1295028
24,2012,10.4,5747163
25,2012,11.9,6411521
26,2012,17.4,9642391
27,2012,11.4,5241360
28,2012,23.8,2895445
29,2012,16.2,5836019
30,2012,15.6,981442
31,2012,12.8,1799805
32,2012,16.2,2724525
33,2012,9.7,1276010
34,2012,10.7,8731561
35,2012,20.6,2044286
36,2012,15.9,19120799
37,2012,18.0,9479194
38,2012,11.2,671884
39,2012,16.2,11227691
40,2012,17.2,3698453
41,2012,17.0,3831188
42,2012,13.7,12323825
44,2012,14.2,1011444
45,2012,18.3,4575557
46,2012,13.6,806331
47,2012,18.0,6306694
48,2012,17.9,25503827
49,2012,13.0,2800954
50,2012,11.9,601899
51,2012,11.8,7935458
53,2012,13.6,6742471
54,2012,18.0,1799878
55,2012,13.2,5592621
56,2012,11.9,562008
1,2013,18.9,4704185
2,2013,10.1,719238
4,2013,18.6,6488968
5,2013,19.4,2873191
6,2013,16.8,37667048
8,2013,12.9,5157760
9,2013,10.7,3489598
10,2013,12.9,897473
11,2013,18.8,612213
12,2013,17.1,19111871
13,2013,19.0,9736547
15,2013,11.2,1369420
16,2013,15.6,1581462
17,2013,14.6,12616411
18,2013,15.8,6382348
19,2013,12.6,2992357
20,2013,13.9,2818115
21,2013,18.8,4271511
22,2013,20.0,4486420
23,2013,14.0,1295614
24,2013,10.2,5798598
25,2013,11.9,6478336
26,2013,17.0,9682576
27,2013,11.2,5290411
28,2013,23.9,2895640
29,2013,15.8,5878342
30,2013,16.1,989118
31,2013,12.9,1819705
32,2013,15.8,2742196
33,2013,9.0,1279400
34,2013,11.4,8731491
35,2013,21.4,2046369
36,2013,16.0,19176438
37,2013,17.8,9614219
38,2013,11.6,698750
39,2013,15.9,11280019
40,2013,16.7,3737778
41,2013,16.5,3863667
42,2013,13.7,12320102
44,2013,14.7,1008673
45,2013,18.5,4640827
46,2013,14.0,816364
47,2013,17.8,6340551
48,2013,17.5,25893869
49,2013,12.6,2858087
50,2013,12.3,601195
51,2013,11.7,8043239
53,2013,14.1,6830411
54,2013,18.4,1802576
55,2013,13.5,5583030
56,2013,10.9,569890
1,2014,19.2,4717094
2,2014,11.4,715982
4,2014,18.2,6570819
5,2014,18.7,2887695
6,2014,16.4,38130628
8,2014,12.1,5231298
9,2014,10.8,3474824
10,2014,13.0,907938
11,2014,18.4,623859
12,2014,16.6,19464711
13,2014,18.4,9797734
15,2014,11.5,1376226
16,2014,14.8,1605432
17,2014,14.3,12603755
18,2014,15.2,6371296
19,2014,12.3,2997382
20,2014,13.5,2825970
21,2014,19.0,4277911
22,2014,19.9,4517095
23,2014,14.0,1298121
24,2014,10.4,5815019
25,2014,11.7,6497530
26,2014,16.2,9675710
27,2014,11.4,5332193
28,2014,21.9,2899361
29,2014,15.5,5860606
30,2014,15.2,999441
31,2014,12.3,1829707
32,2014,15.4,2795110
33,2014,9.2,1280674
34,2014,11.1,8760730
35,2014,20.6,2040718
36,2014,16.0,19266331
37,2014,17.2,9674151
38,2014,11.1,713541
39,2014,15.8,11254987
40,2014,16.6,3753988
41,2014,16.4,3885098
42,2014,13.6,12345647
44,2014,14.8,1012331
45,2014,17.9,4681927
46,2014,14.1,822028
47,2014,18.2,6402445
48,2014,17.2,26276442
49,2014,11.8,2894805
50,2014,12.0,602450
51,2014,11.8,8097805
53,2014,13.2,6920174
54,2014,18.3,1796361
55,2014,13.2,5585659
56,2014,11.2,570179
1,2015,18.5,4734341
2,2015,10.4,720587
4,2015,17.4,6661184
5,2015,18.7,2891620
6,2015,15.4,38287370
8,2015,11.5,5342696
9,2015,10.6,3470443
10,2015,12.6,917897
11,2015,17.7,639463
12,2015,15.8,19804184
13,2015,17.2,9917622
15,2015,10.7,1393374
16,2015,14.7,1623442
17,2015,13.6,12516250
18,2015,14.4,6419639
19,2015,12.1,3028537
20,2015,12.9,2837744
21,2015,18.3,4296967
22,2015,19.5,4542800
23,2015,13.2,1297470
24,2015,9.9,5892616
25,2015,11.5,6543070
26,2015,15.7,9709108
27,2015,10.2,5357833
28,2015,22.1,2891036
29,2015,14.8,5916919
30,2015,14.4,1004403
31,2015,12.2,1841770
32,2015,14.9,2851168
33,2015,8.4,1289202
34,2015,10.8,8759157
35,2015,19.8,2047293
36,2015,15.5,19261961
37,2015,16.4,9800299
38,2015,10.7,734701
39,2015,14.8,11287074
40,2015,16.0,3803169
41,2015,15.2,3958066
42,2015,13.1,12404511
44,2015,14.1,1019319
45,2015,16.8,4741720
46,2015,13.5,827385
47,2015,16.7,6454287
48,2015,15.9,26765346
49,2015,11.2,2957438
50,2015,10.4,602337
51,2015,11.2,8162732
53,2015,12.2,7055197
54,2015,18.0,1792161
55,2015,12.1,5619314
56,2015,10.6,573462
1,2016,17.2,4733703
2,2016,9.9,726424
4,2016,16.4,6750933
5,2016,17.2,2891791
6,2016,14.4,38386257
8,2016,11.0,5439800
9,2016,9.9,3456273
10,2016,11.8,928746
11,2016,18.5,647449
12,2016,14.8,20177277
13,2016,16.1,10014708
15,2016,9.5,1395758
16,2016,13.8,1652442
17,2016,13.0,12469031
18,2016,14.0,6422629
19,2016,11.7,3029308
20,2016,12.2,2817811
21,2016,18.2,4300984
22,2016,20.1,4537164
23,2016,12.3,1296935
24,2016,9.7,5905010
25,2016,10.5,6555867
26,2016,14.9,9729416
27,2016,9.9,5371606
28,2016,21.0,2889871
29,2016,14.0,5902557
30,2016,13.4,1018201
31,2016,11.3,1848354
32,2016,14.1,2888709
33,2016,7.6,1286224
34,2016,10.4,8801827
35,2016,19.1,2044298
36,2016,14.8,19215905
37,2016,15.4,9889831
38,2016,10.5,732867
39,2016,14.5,11307834
40,2016,16.1,3820186
41,2016,13.4,4016187
42,2016,12.9,12322357
44,2016,13.3,1012654
45,2016,15.3,4833817
46,2016,12.9,836845
47,2016,15.8,6479905
48,2016,15.6,27315968
49,2016,10.2,3012451
50,2016,11.3,600221
51,2016,11.0,8156764
53,2016,11.3,7155593
54,2016,17.9,1778592
55,2016,11.8,5605636
56,2016,10.9,572624
1,2017,16.9,4747118
2,2017,11.0,722073
4,2017,14.9,6868034
5,2017,16.3,2919528
6,2017,13.3,38828338
8,2017,10.3,5496291
9,2017,9.7,3491247
10,2017,13.0,935323
11,2017,16.6,659651
12,2017,14.1,20580681
13,2017,15.1,10172642
15,2017,9.5,1391589
16,2017,12.6,1682040
17,2017,12.5,12549360
18,2017,13.3,6471827
19,2017,10.8,3042861
20,2017,11.9,2818244
21,2017,17.1,4319082
22,2017,19.6,4560342
23,2017,11.3,1304540
24,2017,9.4,5920734
25,2017,10.5,6599457
26,2017,14.1,9740128
27,2017,9.5,5445768
28,2017,19.9,2883000
29,2017,13.4,5917918
30,2017,12.7,1028472
31,2017,10.7,1859664
32,2017,13.3,2953812
33,2017,7.7,1305844
34,2017,10.0,8821320
35,2017,19.0,2046263
36,2017,14.1,19401262
37,2017,14.7,9986612
38,2017,10.2,726049
39,2017,13.9,11333820
40,2017,15.8,3803234
41,2017,13.2,4051864
42,2017,12.5,12388456
44,2017,12.3,1017951
45,2017,15.4,4872461
46,2017,12.8,840016
47,2017,15.0,6535960
48,2017,14.7,27757667
49,2017,9.7,3052969
50,2017,10.8,602481
51,2017,10.7,8191009
53,2017,11.0,7269773
54,2017,18.5,1764876
55,2017,11.3,5665257
56,2017,10.8,567769
1,2018,16.8,4772369
2,2018,11.1,722739
4,2018,14.1,7023340
5,2018,16.8,2930393
6,2018,12.8,38851211
8,2018,9.7,5572979
9,2018,10.3,3480767
10,2018,12.2,940090
11,2018,16.1,669602
12,2018,13.7,20835314
13,2018,14.5,10237510
15,2018,9.0,1382222
16,2018,11.7,1724821
17,2018,12.1,12473950
18,2018,13.0,6493577
19,2018,11.2,3058696
20,2018,11.9,2831025
21,2018,16.7,4329659
22,2018,18.7,4534786
23,2018,11.6,1305672
24,2018,9.1,5921143
25,2018,10.0,6684020
26,2018,14.0,9780250
27,2018,9.6,5494219
28,2018,19.8,2885869
29,2018,13.2,5949568
30,2018,12.9,1040194
31,2018,11.0,1867209
32,2018,13.1,2987382
33,2018,7.6,1316789
34,2018,9.5,8751432
35,2018,18.8,2057122
36,2018,13.7,19002212
37,2018,14.1,10086199
38,2018,10.6,735462
39,2018,13.8,11366565
40,2018,15.5,3831845
41,2018,12.5,4128112
42,2018,12.2,12442098
44,2018,12.8,1019828
45,2018,15.2,4938039
46,2018,12.9,851271
47,2018,15.2,6599046
48,2018,14.9,28064584
49,2018,9.1,3116066
50,2018,10.7,602159
51,2018,10.7,8270075
53,2018,10.3,7397485
54,2018,17.4,1756644
55,2018,11.1,5646378
56,2018,10.7,561654
1,2019,15.6,4791526
2,2019,10.2,716010
4,2019,13.5,7133385
5,2019,16.0,2928594
6,2019,11.8,38647619
8,2019,9.4,5652457
9,2019,9.9,3465667
10,2019,11.2,948455
11,2019,14.1,673652
12,2019,12.7,21116787
13,2019,13.5,10352644
15,2019,9.0,1385000
16,2019,11.0,1761282
17,2019,11.4,12419632
18,2019,11.9,6498882
19,2019,11.0,3065055
20,2019,11.3,2831248
21,2019,16.0,4330469
22,2019,18.8,4509250
23,2019,10.9,1298771
24,2019,9.1,5908978
25,2019,9.5,6647905
26,2019,12.9,9801899
27,2019,8.9,5525640
28,2019,19.5,2870585
29,2019,12.9,5939829
30,2019,12.6,1039476
31,2019,9.9,1882848
32,2019,12.7,3030709
33,2019,7.5,1310800
34,2019,9.1,8743692
35,2019,17.5,2048720
36,2019,13.1,18868397
37,2019,13.6,10174706
38,2019,10.5,736448
39,2019,13.0,11340654
40,2019,15.1,3831993
41,2019,11.5,4124365
42,2019,12.0,12343275
44,2019,11.6,1018060
45,2019,13.9,5001863
46,2019,11.9,851857
47,2019,13.8,6665580
48,2019,13.6,28462824
49,2019,8.8,3175398
50,2019,10.1,600238
51,2019,9.9,8312566
53,2019,9.8,7461388
54,2019,16.2,1735648
55,2019,10.4,5686577
56,2019,9.9,563394
1,2020,14.9,4795758
2,2020,9.6,715771
4,2020,12.8,7285586
5,2020,15.2,2951743
6,2020,11.5,38427539
8,2020,9.0,5681622
9,2020,9.7,3437474
10,2020,10.9,957798
11,2020,15.0,679727
12,2020,12.4,21311629
13,2020,14.0,10466629
15,2020,8.9,1361596
16,2020,10.1,1794030
17,2020,11.0,12283264
18,2020,11.6,6553164
19,2020,10.2,3076000
20,2020,10.6,2838972
21,2020,14.9,4343342
22,2020,17.8,4505843
23,2020,10.6,1317113
24,2020,9.0,5928456
25,2020,9.4,6690415
26,2020,12.6,9785302
27,2020,8.3,5521711
28,2020,18.7,2869171
29,2020,12.1,5992702
30,2020,12.4,1054121
31,2020,9.2,1876337
32,2020,12.5,3094536
33,2020,7.0,1320057
34,2020,9.4,8706266
35,2020,16.8,2062232
36,2020,12.7,18906622
37,2020,12.9,10307636
38,2020,10.2,742951
39,2020,12.6,11335071
40,2020,14.3,3861315
41,2020,11.0,4163091
42,2020,10.9,12348404
44,2020,10.6,1021755
45,2020,13.8,5094232
46,2020,11.6,861233
47,2020,13.6,6699243
48,2020,13.4,28826216
49,2020,7.3,3214603
50,2020,9.4,598734
51,2020,9.2,8363902
53,2020,9.5,7522663
54,2020,15.8,1735291
55,2020,10.0,5710490
56,2020,9.2,569761
1,2021,16.3,4913178
2,2021,10.8,719778
4,2021,12.9,7129302
5,2021,16.0,2944969
6,2021,12.3,38556138
8,2021,9.7,5712639
9,2021,10.1,3523376
10,2021,11.5,982835
11,2021,16.8,638732
12,2021,13.2,21445553
13,2021,14.2,10519979
15,2021,10.9,1400514
16,2021,10.8,1871213
17,2021,12.1,12339190
18,2021,12.1,6609364
19,2021,11.0,3096600
20,2021,11.6,2866009
21,2021,16.3,4368239
22,2021,19.5,4505010
23,2021,11.2,1335455
24,2021,10.3,6027466
25,2021,10.4,6747115
26,2021,13.0,9869892
27,2021,9.3,5585344
28,2021,19.2,2863073
29,2021,12.8,5977320
30,2021,12.0,1082583
31,2021,10.5,1920257
32,2021,14.0,3093536
33,2021,7.4,1345432
34,2021,10.2,9076980
35,2021,17.7,2073729
36,2021,14.0,19307521
37,2021,13.5,10249081
38,2021,10.9,754771
39,2021,13.3,11453880
40,2021,15.4,3889630
41,2021,12.2,4159869
42,2021,12.0,12532742
44,2021,12.1,1049347
45,2021,14.5,5076538
46,2021,11.9,868378
47,2021,13.7,6823766
48,2021,14.2,29033796
49,2021,8.7,3288345
50,2021,10.2,619686
51,2021,10.3,8376621
53,2021,9.9,7632212
54,2021,16.8,1732446
55,2021,10.8,5768037
56,2021,10.6,568170
1,2022,16.2,4928821
2,2022,10.8,715787
4,2022,12.5,7236536
5,2022,16.3,2954908
6,2022,12.2,38309164
8,2022,9.5,5708768
9,2022,9.8,3527653
10,2022,10.0,998430
11,2022,14.2,644183
12,2022,12.7,21817236
13,2022,12.9,10639442
15,2022,10.0,1408710
16,2022,10.5,1895038
17,2022,11.9,12317008
18,2022,12.5,6623416
19,2022,11.0,3093382
20,2022,11.9,2858034
21,2022,16.3,4394436
22,2022,18.6,4475833
23,2022,10.9,1348284
24,2022,9.8,6017898
25,2022,10.4,6735644
26,2022,13.3,9824534
27,2022,9.6,5614479
28,2022,19.2,2842568
29,2022,13.1,6008885
30,2022,11.8,1102686
31,2022,11.1,1921802
32,2022,12.6,3131079
33,2022,7.4,1364392
34,2022,9.7,9062887
35,2022,17.3,2073694
36,2022,14.2,19159500
37,2022,12.8,10436398
38,2022,11.2,751848
39,2022,13.4,11476881
40,2022,15.6,3900840
41,2022,12.0,4167500
42,2022,11.8,12568127
44,2022,11.2,1052304
45,2022,14.0,5138436
46,2022,12.4,876565
47,2022,13.3,6922917
48,2022,14.0,29420371
49,2022,8.3,3329639
50,2022,10.2,624186
51,2022,10.6,8429802
53,2022,10.0,7644050
54,2022,17.4,1719971
55,2022,10.8,5753519
56,2022,11.2,567455
